{
  "safd_wasserstein": 0.00014491747001181557,
  "vsp_kl_divergence": 0.003464376897784974,
  "vsp_wasserstein": 0.24780631440155598,
  "vsp_mean_diff": 0.0013965094946861711,
  "vsp_std_diff": 0.369929769840315,
  "vsp_mean_real": 5.829431533813477,
  "vsp_mean_synth": 5.82803502431879,
  "ldlj_mean_real": -0.46852341294288635,
  "ldlj_mean_synth": -1.1735723873447763,
  "ldlj_std_real": 1.4597238302230835,
  "ldlj_std_synth": 0.9300859167547169,
  "ldlj_wasserstein": 0.7596440483861217,
  "jerk_max_mean_real": 0.6224730610847473,
  "jerk_max_mean_synth": 0.741259281678009,
  "speed_wasserstein": 0.29570576249362013,
  "speed_mean_diff": 0.06143530479851478,
  "speed_std_diff": 0.15857082436891368,
  "speed_ks_statistic": 0.019300942453153502,
  "speed_ks_pvalue": 1.558453162388583e-75,
  "accel_wasserstein": 0.02606985352469689,
  "accel_mean_diff": 7.924560435189688e-12,
  "accel_std_diff": 0.014641420604087019,
  "accel_ks_statistic": 0.03315750539929674,
  "duration_wasserstein": 93.98590264078915,
  "duration_mean_real": 307.3165765192491,
  "duration_mean_synth": 263.776,
  "duration_std_real": 400.4618038980498,
  "duration_std_synth": 161.09941596418034,
  "mmd": 0.010066919138277446,
  "boundary_start_violation_rate": 0.0,
  "boundary_end_violation_rate": 0.0,
  "boundary_any_violation_rate": 0.0,
  "boundary_start_speed_mean": 0.0,
  "boundary_end_speed_mean": 0.0,
  "boundary_start_speed_max": 0.0,
  "boundary_end_speed_max": 0.0,
  "phys_speed_violation_rate": 0.0,
  "phys_negative_speed_rate": 0.0,
  "phys_accel_violation_rate": 0.006,
  "phys_decel_violation_rate": 0.032,
  "discriminative_accuracy": 0.9913083257090577,
  "discriminative_auc": 0.9996889360197949,
  "discriminative_score": 0.4913083257090577,
  "tstr_mae": 0.38798618747233643,
  "tstr_baseline_mae": 0.4307275414466858,
  "tstr_ratio": 0.9007693962851926
}