{
  "safd_wasserstein": 0.0003239856622993102,
  "vsp_kl_divergence": 0.006969182258358477,
  "vsp_wasserstein": 0.6072464244916772,
  "vsp_mean_diff": 0.4919980160493367,
  "vsp_std_diff": 0.0002446666429243294,
  "vsp_mean_real": 5.829431533813477,
  "vsp_mean_synth": 5.33743351776414,
  "ldlj_mean_real": -0.46852341294288635,
  "ldlj_mean_synth": -1.0976381223511125,
  "ldlj_std_real": 1.4597238302230835,
  "ldlj_std_synth": 0.7906619241186761,
  "ldlj_wasserstein": 0.7806282010707565,
  "jerk_max_mean_real": 0.6224730610847473,
  "jerk_max_mean_synth": 0.8370612431253879,
  "speed_wasserstein": 0.9013938365500116,
  "speed_mean_diff": 0.8017772861645547,
  "speed_std_diff": 0.46861847537094103,
  "speed_ks_statistic": 0.07482576535715946,
  "speed_ks_pvalue": 0.0,
  "accel_wasserstein": 0.04279036438834148,
  "accel_mean_diff": 7.924560111203272e-12,
  "accel_std_diff": 0.017588313540034206,
  "accel_ks_statistic": 0.031066560030922785,
  "duration_wasserstein": 77.07853770283178,
  "duration_mean_real": 307.3165765192491,
  "duration_mean_synth": 246.854,
  "duration_std_real": 400.4618038980498,
  "duration_std_synth": 155.29161176315995,
  "mmd": 0.010092810973663092,
  "boundary_start_violation_rate": 0.0,
  "boundary_end_violation_rate": 0.0,
  "boundary_any_violation_rate": 0.0,
  "boundary_start_speed_mean": 0.0,
  "boundary_end_speed_mean": 0.0,
  "boundary_start_speed_max": 0.0,
  "boundary_end_speed_max": 0.0,
  "phys_speed_violation_rate": 0.0,
  "phys_negative_speed_rate": 0.0,
  "phys_accel_violation_rate": 0.049,
  "phys_decel_violation_rate": 0.02,
  "discriminative_accuracy": 0.9963403476669717,
  "discriminative_auc": 0.9999496288441144,
  "discriminative_score": 0.49634034766697166,
  "tstr_mae": 0.5622252936435991,
  "tstr_baseline_mae": 0.4307275414466858,
  "tstr_ratio": 1.305292184835108
}