{
  "safd_wasserstein": 0.000128846024391091,
  "vsp_kl_divergence": 0.011789561529382422,
  "vsp_wasserstein": 0.8518324398441645,
  "vsp_mean_diff": 0.7661748435086544,
  "vsp_std_diff": 0.8492986697971716,
  "vsp_mean_real": 5.829431533813477,
  "vsp_mean_synth": 6.595606377322131,
  "ldlj_mean_real": -0.46852341294288635,
  "ldlj_mean_synth": -1.2480436269439568,
  "ldlj_std_real": 1.4597238302230835,
  "ldlj_std_synth": 0.8955006956283705,
  "ldlj_wasserstein": 0.8430647142218544,
  "jerk_max_mean_real": 0.6224730610847473,
  "jerk_max_mean_synth": 0.7668185858685909,
  "speed_wasserstein": 1.4090198948319783,
  "speed_mean_diff": 1.3969437523730157,
  "speed_std_diff": 0.04622163657485867,
  "speed_ks_statistic": 0.07938536814581876,
  "speed_ks_pvalue": 0.0,
  "accel_wasserstein": 0.027735508299929525,
  "accel_mean_diff": 7.924560225065819e-12,
  "accel_std_diff": 0.009397746177633337,
  "accel_ks_statistic": 0.029415406923717247,
  "duration_wasserstein": 112.3862634425709,
  "duration_mean_real": 307.3165765192491,
  "duration_mean_synth": 282.182,
  "duration_std_real": 400.4618038980498,
  "duration_std_synth": 165.3840768514309,
  "mmd": 0.010027742975809384,
  "boundary_start_violation_rate": 0.0,
  "boundary_end_violation_rate": 0.0,
  "boundary_any_violation_rate": 0.0,
  "boundary_start_speed_mean": 0.0,
  "boundary_end_speed_mean": 0.0,
  "boundary_start_speed_max": 0.0,
  "boundary_end_speed_max": 0.0,
  "phys_speed_violation_rate": 0.0,
  "phys_negative_speed_rate": 0.0,
  "phys_accel_violation_rate": 0.006,
  "phys_decel_violation_rate": 0.037,
  "discriminative_accuracy": 0.9881061299176578,
  "discriminative_auc": 0.998869741958289,
  "discriminative_score": 0.4881061299176578,
  "tstr_mae": 0.3989819281284178,
  "tstr_baseline_mae": 0.4307275414466858,
  "tstr_ratio": 0.9262976934058038
}