{
  "safd_wasserstein": 0.00028132436372454783,
  "vsp_kl_divergence": 0.008400230724377306,
  "vsp_wasserstein": 0.7056062400982442,
  "vsp_mean_diff": 0.5509640987267996,
  "vsp_std_diff": 0.4577364138777291,
  "vsp_mean_real": 5.829431533813477,
  "vsp_mean_synth": 5.278467435086677,
  "ldlj_mean_real": -0.46852341294288635,
  "ldlj_mean_synth": -1.339375143216174,
  "ldlj_std_real": 1.4597238302230835,
  "ldlj_std_synth": 0.9037728481089844,
  "ldlj_wasserstein": 0.9039770827323503,
  "jerk_max_mean_real": 0.6224730610847473,
  "jerk_max_mean_synth": 0.7416692099599224,
  "speed_wasserstein": 1.0060230975586415,
  "speed_mean_diff": 0.9634341029570024,
  "speed_std_diff": 0.469557171524408,
  "speed_ks_statistic": 0.07726202525231729,
  "speed_ks_pvalue": 0.0,
  "accel_wasserstein": 0.04681127152656472,
  "accel_mean_diff": 7.924560327860812e-12,
  "accel_std_diff": 0.05168937430437848,
  "accel_ks_statistic": 0.04312709209250842,
  "duration_wasserstein": 78.7712634425709,
  "duration_mean_real": 307.3165765192491,
  "duration_mean_synth": 248.567,
  "duration_std_real": 400.4618038980498,
  "duration_std_synth": 155.0519832540042,
  "mmd": 0.010009899998379843,
  "boundary_start_violation_rate": 0.0,
  "boundary_end_violation_rate": 0.0,
  "boundary_any_violation_rate": 0.0,
  "boundary_start_speed_mean": 0.0,
  "boundary_end_speed_mean": 0.0,
  "boundary_start_speed_max": 0.0,
  "boundary_end_speed_max": 0.0,
  "phys_speed_violation_rate": 0.0,
  "phys_negative_speed_rate": 0.0,
  "phys_accel_violation_rate": 0.011,
  "phys_decel_violation_rate": 0.05,
  "discriminative_accuracy": 0.9922232387923148,
  "discriminative_auc": 0.9996376811594203,
  "discriminative_score": 0.4922232387923148,
  "tstr_mae": 0.43727806390053964,
  "tstr_baseline_mae": 0.4307275414466858,
  "tstr_ratio": 1.0152080417979603
}