{
  "safd_wasserstein": 0.00035642462722749936,
  "vsp_kl_divergence": 0.04852664750503027,
  "vsp_wasserstein": 2.3423464108109164,
  "vsp_mean_diff": 0.2496762420122618,
  "vsp_std_diff": 3.8331530890887926,
  "vsp_mean_real": 5.829431533813477,
  "vsp_mean_synth": 5.579755291801215,
  "ldlj_mean_real": -0.46852341294288635,
  "ldlj_mean_synth": -2.302805491986477,
  "ldlj_std_real": 1.4597238302230835,
  "ldlj_std_synth": 1.5946798882046018,
  "ldlj_wasserstein": 1.8342820983169819,
  "jerk_max_mean_real": 0.6224730610847473,
  "jerk_max_mean_synth": 1.1435700721261046,
  "speed_wasserstein": 0.7330073189795264,
  "speed_mean_diff": 0.6746352170466885,
  "speed_std_diff": 0.3546221459643908,
  "speed_ks_statistic": 0.0627889745894743,
  "speed_ks_pvalue": 0.0,
  "accel_wasserstein": 0.14990944743488685,
  "accel_mean_diff": 7.924560355659829e-12,
  "accel_std_diff": 0.22671951292672576,
  "accel_ks_statistic": 0.09141862782776233,
  "duration_wasserstein": 84.10508908685979,
  "duration_mean_real": 307.3165765192491,
  "duration_mean_synth": 253.865,
  "duration_std_real": 400.4618038980498,
  "duration_std_synth": 159.80266823492028,
  "mmd": 0.009903056238438955,
  "boundary_start_violation_rate": 0.0,
  "boundary_end_violation_rate": 0.0,
  "boundary_any_violation_rate": 0.0,
  "boundary_start_speed_mean": 0.0,
  "boundary_end_speed_mean": 0.0,
  "boundary_start_speed_max": 0.0,
  "boundary_end_speed_max": 0.0,
  "phys_speed_violation_rate": 0.0,
  "phys_negative_speed_rate": 0.0,
  "phys_accel_violation_rate": 0.04,
  "phys_decel_violation_rate": 0.08,
  "discriminative_accuracy": 0.9972552607502287,
  "discriminative_auc": 0.999608518911276,
  "discriminative_score": 0.49725526075022874,
  "tstr_mae": 0.5608206804339918,
  "tstr_baseline_mae": 0.4307275414466858,
  "tstr_ratio": 1.3020311600005001
}