{
  "safd_wasserstein": 0.00024601827786385934,
  "vsp_kl_divergence": 0.017987236467946238,
  "vsp_wasserstein": 1.287584469318273,
  "vsp_mean_diff": 0.5905127549894695,
  "vsp_std_diff": 1.5082442276191461,
  "vsp_mean_real": 5.829431533813477,
  "vsp_mean_synth": 5.238918778824007,
  "ldlj_mean_real": -0.46852341294288635,
  "ldlj_mean_synth": -1.0746412585558505,
  "ldlj_std_real": 1.4597238302230835,
  "ldlj_std_synth": 0.9999042632898951,
  "ldlj_wasserstein": 0.6547900540249161,
  "jerk_max_mean_real": 0.6224730610847473,
  "jerk_max_mean_synth": 0.7181823681687219,
  "speed_wasserstein": 1.2460132770397911,
  "speed_mean_diff": 1.2381566209490096,
  "speed_std_diff": 0.02937364725540803,
  "speed_ks_statistic": 0.07990686516914225,
  "speed_ks_pvalue": 0.0,
  "accel_wasserstein": 0.05264103843336951,
  "accel_mean_diff": 7.924560370204498e-12,
  "accel_std_diff": 0.06510251576108206,
  "accel_ks_statistic": 0.04572398454694901,
  "duration_wasserstein": 81.86226344257088,
  "duration_mean_real": 307.3165765192491,
  "duration_mean_synth": 251.658,
  "duration_std_real": 400.4618038980498,
  "duration_std_synth": 156.38541823328669,
  "mmd": 0.011234506009345075,
  "boundary_start_violation_rate": 0.0,
  "boundary_end_violation_rate": 0.0,
  "boundary_any_violation_rate": 0.0,
  "boundary_start_speed_mean": 0.0,
  "boundary_end_speed_mean": 0.0,
  "boundary_start_speed_max": 0.0,
  "boundary_end_speed_max": 0.0,
  "phys_speed_violation_rate": 0.0,
  "phys_negative_speed_rate": 0.0,
  "phys_accel_violation_rate": 0.0,
  "phys_decel_violation_rate": 0.0,
  "discriminative_accuracy": 0.9995425434583715,
  "discriminative_auc": 1.0,
  "discriminative_score": 0.49954254345837146,
  "tstr_mae": 0.41329107254901676,
  "tstr_baseline_mae": 0.4307275414466858,
  "tstr_ratio": 0.9595185651720688
}