{
  "safd_wasserstein": 0.00026136824333501685,
  "vsp_kl_divergence": 0.009700476691548773,
  "vsp_wasserstein": 0.7412954454528706,
  "vsp_mean_diff": 0.7090166492211303,
  "vsp_std_diff": 0.05659887802928942,
  "vsp_mean_real": 5.829431533813477,
  "vsp_mean_synth": 5.120414884592346,
  "ldlj_mean_real": -0.46852341294288635,
  "ldlj_mean_synth": -1.1848710175026527,
  "ldlj_std_real": 1.4597238302230835,
  "ldlj_std_synth": 0.9284126865523792,
  "ldlj_wasserstein": 0.7633453087294582,
  "jerk_max_mean_real": 0.6224730610847473,
  "jerk_max_mean_synth": 0.7239540334307301,
  "speed_wasserstein": 1.1992371396156591,
  "speed_mean_diff": 1.1981358935624264,
  "speed_std_diff": 0.518602887308357,
  "speed_ks_statistic": 0.08967103431861678,
  "speed_ks_pvalue": 0.0,
  "accel_wasserstein": 0.030472221265436687,
  "accel_mean_diff": 7.924560030592363e-12,
  "accel_std_diff": 0.022249028331393972,
  "accel_ks_statistic": 0.03746551016888555,
  "duration_wasserstein": 82.61365192491259,
  "duration_mean_real": 307.3165765192491,
  "duration_mean_synth": 252.148,
  "duration_std_real": 400.4618038980498,
  "duration_std_synth": 155.20632105684356,
  "mmd": 0.009998349444209341,
  "boundary_start_violation_rate": 0.0,
  "boundary_end_violation_rate": 0.0,
  "boundary_any_violation_rate": 0.0,
  "boundary_start_speed_mean": 0.0,
  "boundary_end_speed_mean": 0.0,
  "boundary_start_speed_max": 0.0,
  "boundary_end_speed_max": 0.0,
  "phys_speed_violation_rate": 0.0,
  "phys_negative_speed_rate": 0.0,
  "phys_accel_violation_rate": 0.01,
  "phys_decel_violation_rate": 0.026,
  "discriminative_accuracy": 0.9954254345837146,
  "discriminative_auc": 0.9998851184164016,
  "discriminative_score": 0.4954254345837146,
  "tstr_mae": 0.37987470679627733,
  "tstr_baseline_mae": 0.4307275414466858,
  "tstr_ratio": 0.8819373507447216
}