{
  "safd_wasserstein": 0.00025568837035432344,
  "vsp_kl_divergence": 0.010838768560941296,
  "vsp_wasserstein": 0.8569979484332028,
  "vsp_mean_diff": 0.4747007261873888,
  "vsp_std_diff": 0.9722501236620005,
  "vsp_mean_real": 5.829431533813477,
  "vsp_mean_synth": 5.354730807626088,
  "ldlj_mean_real": -0.46852341294288635,
  "ldlj_mean_synth": -1.4017586555418562,
  "ldlj_std_real": 1.4597238302230835,
  "ldlj_std_synth": 1.016427940531528,
  "ldlj_wasserstein": 0.9437577410787792,
  "jerk_max_mean_real": 0.6224730610847473,
  "jerk_max_mean_synth": 0.7911449853785507,
  "speed_wasserstein": 0.8948296874723264,
  "speed_mean_diff": 0.8591323528572516,
  "speed_std_diff": 0.4498077189213143,
  "speed_ks_statistic": 0.07380285790552987,
  "speed_ks_pvalue": 0.0,
  "accel_wasserstein": 0.056076579874423146,
  "accel_mean_diff": 7.92456026965505e-12,
  "accel_std_diff": 0.0824894418808938,
  "accel_ks_statistic": 0.05092381667663404,
  "duration_wasserstein": 74.97587591473125,
  "duration_mean_real": 307.3165765192491,
  "duration_mean_synth": 244.03,
  "duration_std_real": 400.4618038980498,
  "duration_std_synth": 155.8117232431501,
  "mmd": 0.009830628516315217,
  "boundary_start_violation_rate": 0.0,
  "boundary_end_violation_rate": 0.0,
  "boundary_any_violation_rate": 0.0,
  "boundary_start_speed_mean": 0.0,
  "boundary_end_speed_mean": 0.0,
  "boundary_start_speed_max": 0.0,
  "boundary_end_speed_max": 0.0,
  "phys_speed_violation_rate": 0.0,
  "phys_negative_speed_rate": 0.0,
  "phys_accel_violation_rate": 0.011,
  "phys_decel_violation_rate": 0.056,
  "discriminative_accuracy": 0.9922232387923148,
  "discriminative_auc": 0.9997861435136091,
  "discriminative_score": 0.4922232387923148,
  "tstr_mae": 0.3997137810742356,
  "tstr_baseline_mae": 0.4307275414466858,
  "tstr_ratio": 0.9279968021819914
}