{
  "safd_wasserstein": 8.573213115287537e-05,
  "vsp_kl_divergence": 0.006333313136376333,
  "vsp_wasserstein": 0.5088414603075071,
  "vsp_mean_diff": 0.4057578182722379,
  "vsp_std_diff": 0.6920584360990247,
  "vsp_mean_real": 5.829431533813477,
  "vsp_mean_synth": 6.2351893520857145,
  "ldlj_mean_real": -0.46852341294288635,
  "ldlj_mean_synth": -1.2925512658396252,
  "ldlj_std_real": 1.4597238302230835,
  "ldlj_std_synth": 0.9283382487969607,
  "ldlj_wasserstein": 0.8672655739333863,
  "jerk_max_mean_real": 0.6224730610847473,
  "jerk_max_mean_synth": 0.774606983780665,
  "speed_wasserstein": 0.7592175949487501,
  "speed_mean_diff": 0.7449933124223556,
  "speed_std_diff": 0.023809811357202726,
  "speed_ks_statistic": 0.04297051885784997,
  "speed_ks_pvalue": 0.0,
  "accel_wasserstein": 0.02815038557261359,
  "accel_mean_diff": 7.924560414502067e-12,
  "accel_std_diff": 0.015594323957359824,
  "accel_ks_statistic": 0.03351497054572994,
  "duration_wasserstein": 112.63026344257088,
  "duration_mean_real": 307.3165765192491,
  "duration_mean_synth": 282.426,
  "duration_std_real": 400.4618038980498,
  "duration_std_synth": 167.25841839500936,
  "mmd": 0.00988368141115455,
  "boundary_start_violation_rate": 0.0,
  "boundary_end_violation_rate": 0.0,
  "boundary_any_violation_rate": 0.0,
  "boundary_start_speed_mean": 0.0,
  "boundary_end_speed_mean": 0.0,
  "boundary_start_speed_max": 0.0,
  "boundary_end_speed_max": 0.0,
  "phys_speed_violation_rate": 0.0,
  "phys_negative_speed_rate": 0.0,
  "phys_accel_violation_rate": 0.01,
  "phys_decel_violation_rate": 0.045,
  "discriminative_accuracy": 0.9917657822506862,
  "discriminative_auc": 0.9995519618239661,
  "discriminative_score": 0.49176578225068623,
  "tstr_mae": 0.43173998553071485,
  "tstr_baseline_mae": 0.4307275414466858,
  "tstr_ratio": 1.0023505441064404
}