{
  "safd_wasserstein": 0.0007890406538139785,
  "vsp_kl_divergence": 0.17487396935887184,
  "vsp_wasserstein": 2.5536521265316434,
  "vsp_mean_diff": 0.1214706651824562,
  "vsp_std_diff": 4.3838574622563655,
  "vsp_mean_real": 5.829430103302002,
  "vsp_mean_synth": 5.707959438119546,
  "ldlj_mean_real": -0.46852341294288635,
  "ldlj_mean_synth": -1.1710538346480768,
  "ldlj_std_real": 1.4597238302230835,
  "ldlj_std_synth": 0.9234076907515611,
  "ldlj_wasserstein": 0.7735263241958019,
  "jerk_max_mean_real": 0.6224730610847473,
  "jerk_max_mean_synth": 0.7735896289980956,
  "speed_wasserstein": 2.597564729446866,
  "speed_mean_diff": 1.5761738635743718,
  "speed_std_diff": 1.9413383874207604,
  "speed_ks_statistic": 0.1641983372501546,
  "speed_ks_pvalue": 0.0,
  "accel_wasserstein": 0.06223679110833912,
  "accel_mean_diff": 3.3679382294813845e-11,
  "accel_std_diff": 0.09166661077705651,
  "accel_ks_statistic": 0.05766780422827755,
  "duration_wasserstein": 124.96105536112005,
  "duration_mean_real": 307.3165765192491,
  "duration_mean_synth": 281.379,
  "duration_std_real": 400.4618038980498,
  "duration_std_synth": 129.95725204466274,
  "mmd": 0.010580182077837053,
  "boundary_start_violation_rate": 0.0,
  "boundary_end_violation_rate": 0.0,
  "boundary_any_violation_rate": 0.0,
  "boundary_start_speed_mean": 0.0,
  "boundary_end_speed_mean": 0.0,
  "boundary_start_speed_max": 0.0,
  "boundary_end_speed_max": 0.0,
  "phys_speed_violation_rate": 0.0,
  "phys_negative_speed_rate": 0.0,
  "phys_accel_violation_rate": 0.08,
  "phys_decel_violation_rate": 0.0,
  "discriminative_accuracy": 0.9986276303751144,
  "discriminative_auc": 1.0,
  "discriminative_score": 0.4986276303751144,
  "tstr_mae": 0.3965661270158199,
  "tstr_baseline_mae": 0.34721338748931885,
  "tstr_ratio": 1.1421395064382973
}