{
  "safd_wasserstein": 0.0002847562622405209,
  "vsp_kl_divergence": 0.021305932160259437,
  "vsp_wasserstein": 1.266657153835653,
  "vsp_mean_diff": 0.3016483356232822,
  "vsp_std_diff": 1.9157578777195958,
  "vsp_mean_real": 5.829431533813477,
  "vsp_mean_synth": 5.527783198190194,
  "ldlj_mean_real": -0.46852341294288635,
  "ldlj_mean_synth": -1.694443314090568,
  "ldlj_std_real": 1.4597238302230835,
  "ldlj_std_synth": 1.2090615214883074,
  "ldlj_wasserstein": 1.2265629829674438,
  "jerk_max_mean_real": 0.6224730610847473,
  "jerk_max_mean_synth": 0.8993711982258076,
  "speed_wasserstein": 0.7362177637965103,
  "speed_mean_diff": 0.6668369840029094,
  "speed_std_diff": 0.2586244753784346,
  "speed_ks_statistic": 0.06195350258196397,
  "speed_ks_pvalue": 0.0,
  "accel_wasserstein": 0.07967070069504324,
  "accel_mean_diff": 7.924560087650786e-12,
  "accel_std_diff": 0.12171010674336047,
  "accel_ks_statistic": 0.06244033182041453,
  "duration_wasserstein": 82.91118294622981,
  "duration_mean_real": 307.3165765192491,
  "duration_mean_synth": 252.676,
  "duration_std_real": 400.4618038980498,
  "duration_std_synth": 155.43305640693038,
  "mmd": 0.009931709248579779,
  "boundary_start_violation_rate": 0.0,
  "boundary_end_violation_rate": 0.0,
  "boundary_any_violation_rate": 0.0,
  "boundary_start_speed_mean": 0.0,
  "boundary_end_speed_mean": 0.0,
  "boundary_start_speed_max": 0.0,
  "boundary_end_speed_max": 0.0,
  "phys_speed_violation_rate": 0.0,
  "phys_negative_speed_rate": 0.0,
  "phys_accel_violation_rate": 0.002,
  "phys_decel_violation_rate": 0.062,
  "discriminative_accuracy": 0.9990850869167429,
  "discriminative_auc": 0.9999893955461294,
  "discriminative_score": 0.4990850869167429,
  "tstr_mae": 0.4338027069992807,
  "tstr_baseline_mae": 0.4307275414466858,
  "tstr_ratio": 1.0071394681247137
}