{
  "safd_wasserstein": 0.000312854395979511,
  "vsp_kl_divergence": 0.05365279848141762,
  "vsp_wasserstein": 2.0234396373515353,
  "vsp_mean_diff": 0.2767735347467122,
  "vsp_std_diff": 2.7328834723759616,
  "vsp_mean_real": 5.829431533813477,
  "vsp_mean_synth": 5.552657999066764,
  "ldlj_mean_real": -0.46852341294288635,
  "ldlj_mean_synth": -1.93326398041532,
  "ldlj_std_real": 1.4597238302230835,
  "ldlj_std_synth": 1.1757035116357357,
  "ldlj_wasserstein": 1.4655166756423206,
  "jerk_max_mean_real": 0.6224730610847473,
  "jerk_max_mean_synth": 0.9257867506219495,
  "speed_wasserstein": 0.6738121171292495,
  "speed_mean_diff": 0.6094988856027648,
  "speed_std_diff": 0.3297351963018649,
  "speed_ks_statistic": 0.04978653030651237,
  "speed_ks_pvalue": 0.0,
  "accel_wasserstein": 0.12054920404735596,
  "accel_mean_diff": 7.924560340722794e-12,
  "accel_std_diff": 0.1484194669046307,
  "accel_ks_statistic": 0.10201567431262593,
  "duration_wasserstein": 92.3132634425709,
  "duration_mean_real": 307.3165765192491,
  "duration_mean_synth": 262.109,
  "duration_std_real": 400.4618038980498,
  "duration_std_synth": 160.2474995717562,
  "mmd": 0.009948480459020519,
  "boundary_start_violation_rate": 0.0,
  "boundary_end_violation_rate": 0.0,
  "boundary_any_violation_rate": 0.0,
  "boundary_start_speed_mean": 0.0,
  "boundary_end_speed_mean": 0.0,
  "boundary_start_speed_max": 0.0,
  "boundary_end_speed_max": 0.0,
  "phys_speed_violation_rate": 0.0,
  "phys_negative_speed_rate": 0.0,
  "phys_accel_violation_rate": 0.006,
  "phys_decel_violation_rate": 0.073,
  "discriminative_accuracy": 0.9935956084172004,
  "discriminative_auc": 0.9994229409685401,
  "discriminative_score": 0.4935956084172004,
  "tstr_mae": 0.4555731771061055,
  "tstr_baseline_mae": 0.4307275414466858,
  "tstr_ratio": 1.0576829509809627
}